"id","condition","question","hop1_gold","hop2_gold","injected_hop1","generated_hop1","generated_hop2","final_answer","gold_answer","supporting_facts","e1","e2","final_correct","propagation_consistent","replacement_label"
"f2bb18780baf11ebab90acde48001122","baseline","Who is Malcolm Iv Of Scotland's father?","The mother of Malcolm IV of Scotland is Ada de Warenne.","The spouse of Ada de Warenne is Henry of Scotland.","The mother of Malcolm IV of Scotland is Ermesinda of Bigorre.","Malcolm Iv of Scotland's father is Sir Malcolm Iv of Scotland.","Malcolm Iv of Scotland was born in 1531.","Sir Malcolm Iv of Scotland is the father of Malcolm Iv of Scotland.","Henry of Scotland","[{'title': 'Malcolm IV of Scotland', 'sentence_id': 2, 'text': 'He was the eldest son of Henry, Earl of Huntingdon and Northumbria (died 1152) and Ada de Warenne.'}, {'title': 'Ada de Warenne', 'sentence_id': 0, 'text': 'Ada de Warenne( or Adeline de Varenne)( 1120 – 1178) was a Scottish princess, the Anglo- Norman wife of Henry of Scotland, Earl of Northumbria and Earl of Huntingdon.'}]","","","0","",""
"f2bb18780baf11ebab90acde48001122","injected_error","Who is Malcolm Iv Of Scotland's father?","The mother of Malcolm IV of Scotland is Ada de Warenne.","The spouse of Ada de Warenne is Henry of Scotland.","The mother of Malcolm IV of Scotland is Ermesinda of Bigorre.","The mother of Malcolm IV of Scotland is Ermesinda of Bigorre.","The father of Malcolm IV of Scotland is King Malcolm of Scotland.","King Malcolm of Scotland.","Henry of Scotland","[{'title': 'Malcolm IV of Scotland', 'sentence_id': 2, 'text': 'He was the eldest son of Henry, Earl of Huntingdon and Northumbria (died 1152) and Ada de Warenne.'}, {'title': 'Ada de Warenne', 'sentence_id': 0, 'text': 'Ada de Warenne( or Adeline de Varenne)( 1120 – 1178) was a Scottish princess, the Anglo- Norman wife of Henry of Scotland, Earl of Northumbria and Earl of Huntingdon.'}]","1","","0","",""
"f2bb18780baf11ebab90acde48001122","rejection","Who is Malcolm Iv Of Scotland's father?","The mother of Malcolm IV of Scotland is Ada de Warenne.","The spouse of Ada de Warenne is Henry of Scotland.","The mother of Malcolm IV of Scotland is Ermesinda of Bigorre.","The mother of Malcolm IV of Scotland is Ada de Warenne.","The father of Malcolm IV of Scotland is King John of England.","King John of England.","Henry of Scotland","[{'title': 'Malcolm IV of Scotland', 'sentence_id': 2, 'text': 'He was the eldest son of Henry, Earl of Huntingdon and Northumbria (died 1152) and Ada de Warenne.'}, {'title': 'Ada de Warenne', 'sentence_id': 0, 'text': 'Ada de Warenne( or Adeline de Varenne)( 1120 – 1178) was a Scottish princess, the Anglo- Norman wife of Henry of Scotland, Earl of Northumbria and Earl of Huntingdon.'}]","0","","0","","REPAIR"
"281793980bdd11eba7f7acde48001122","baseline","Where did Prince David Of Kakheti's father die?","The father of Prince David of Kakheti is Teimuraz I of Kakheti.","The place of death of Teimuraz I of Kakheti is Astarabad.","The father of Prince David of Kakheti is Frederick III of Nuremberg.","Prince David Of Kakheti's father was born in 1961.","He died in 2004.","Prince David Of Kakheti's father died in 2004.","Astarabad","[{'title': 'Prince David of Kakheti', 'sentence_id': 1, 'text': 'He was the only son of King Teimuraz I of Kakheti to have survived into adulthood.'}, {'title': 'Teimuraz I of Kakheti', 'sentence_id': 4, 'text': ""From 1614 on, he waged a five-decade long struggle against the Safavid Iranian domination of Georgia in the course of which he lost several members of his family and ended up his life as the shah's prisoner at Astarabad at the age of 74.""}]","","","0","",""
"281793980bdd11eba7f7acde48001122","injected_error","Where did Prince David Of Kakheti's father die?","The father of Prince David of Kakheti is Teimuraz I of Kakheti.","The place of death of Teimuraz I of Kakheti is Astarabad.","The father of Prince David of Kakheti is Frederick III of Nuremberg.","The father of Prince David of Kakheti is Frederick III of Nuremberg.","Frederick III of Nuremberg died in 1547.","Frederick III of Nuremberg died in 1547.","Astarabad","[{'title': 'Prince David of Kakheti', 'sentence_id': 1, 'text': 'He was the only son of King Teimuraz I of Kakheti to have survived into adulthood.'}, {'title': 'Teimuraz I of Kakheti', 'sentence_id': 4, 'text': ""From 1614 on, he waged a five-decade long struggle against the Safavid Iranian domination of Georgia in the course of which he lost several members of his family and ended up his life as the shah's prisoner at Astarabad at the age of 74.""}]","1","","0","",""
"281793980bdd11eba7f7acde48001122","rejection","Where did Prince David Of Kakheti's father die?","The father of Prince David of Kakheti is Teimuraz I of Kakheti.","The place of death of Teimuraz I of Kakheti is Astarabad.","The father of Prince David of Kakheti is Frederick III of Nuremberg.","The father of Prince David of Kakheti is Teimuraz I of Kakheti.","Teimuraz I of Kakheti died in 1991.","Teimuraz I of Kakheti died in 1991.","Astarabad","[{'title': 'Prince David of Kakheti', 'sentence_id': 1, 'text': 'He was the only son of King Teimuraz I of Kakheti to have survived into adulthood.'}, {'title': 'Teimuraz I of Kakheti', 'sentence_id': 4, 'text': ""From 1614 on, he waged a five-decade long struggle against the Safavid Iranian domination of Georgia in the course of which he lost several members of his family and ended up his life as the shah's prisoner at Astarabad at the age of 74.""}]","0","","0","","REPAIR"
"77f1896e0bb011ebab90acde48001122","baseline","Who is the paternal grandfather of Walter Butler Of Polestown?","The father of Walter Butler of Polestown is Edmund MacRichard Butler.","The father of Edmund MacRichard Butler is Sir Richard Butler of Polestown.","The father of Walter Butler of Polestown is Robert Deane.","<first fact> Walter Butler Of Polestown was born in 1858, and his paternal grandfather is a prominent figure in the community.","<dependent fact> Walter Butler Of Polestown’s paternal grandfather was John D. Rockefeller, a leading industrialist and philanthropist.","<short answer> John D. Rockefeller is the paternal grandfather of Walter Butler Of Polestown.","Sir Richard Butler of Polestown","[{'title': 'Walter Butler of Polestown', 'sentence_id': 1, 'text': 'He was the second son of Sir Edmund MacRichard Butler.'}, {'title': 'Edmund MacRichard Butler', 'sentence_id': 0, 'text': 'Sir Edmund MacRichard Butler of Polestown (1420 – June 13, 1464) was the eldest son of Sir Richard Butler of Polestown and adopted the Gaelic title of The MacRichard of Ossory.'}]","","","0","",""
"77f1896e0bb011ebab90acde48001122","injected_error","Who is the paternal grandfather of Walter Butler Of Polestown?","The father of Walter Butler of Polestown is Edmund MacRichard Butler.","The father of Edmund MacRichard Butler is Sir Richard Butler of Polestown.","The father of Walter Butler of Polestown is Robert Deane.","The father of Walter Butler of Polestown is Robert Deane.","Walter Butler of Polestown's paternal grandfather is Robert Deane.","Robert Deane.","Sir Richard Butler of Polestown","[{'title': 'Walter Butler of Polestown', 'sentence_id': 1, 'text': 'He was the second son of Sir Edmund MacRichard Butler.'}, {'title': 'Edmund MacRichard Butler', 'sentence_id': 0, 'text': 'Sir Edmund MacRichard Butler of Polestown (1420 – June 13, 1464) was the eldest son of Sir Richard Butler of Polestown and adopted the Gaelic title of The MacRichard of Ossory.'}]","1","","0","",""
"77f1896e0bb011ebab90acde48001122","rejection","Who is the paternal grandfather of Walter Butler Of Polestown?","The father of Walter Butler of Polestown is Edmund MacRichard Butler.","The father of Edmund MacRichard Butler is Sir Richard Butler of Polestown.","The father of Walter Butler of Polestown is Robert Deane.","The father of Walter Butler of Polestown is Edmund MacRichard Butler.","The paternal grandfather of Walter Butler of Polestown is Edmund MacRichard Butler.","Edmund MacRichard Butler","Sir Richard Butler of Polestown","[{'title': 'Walter Butler of Polestown', 'sentence_id': 1, 'text': 'He was the second son of Sir Edmund MacRichard Butler.'}, {'title': 'Edmund MacRichard Butler', 'sentence_id': 0, 'text': 'Sir Edmund MacRichard Butler of Polestown (1420 – June 13, 1464) was the eldest son of Sir Richard Butler of Polestown and adopted the Gaelic title of The MacRichard of Ossory.'}]","0","","0","","REPAIR"
