condition,metric,count,denominator,rate
overall,NFER,12,12,1.0
overall,NPR,0,0,
overall,CLA_B,12,12,1.0
overall,CLA_B_prime,12,12,1.0
overall,CLA,24,24,1.0
overall,S0_PR,12,12,1.0
overall,unsupported_invalid,0,132,0.0
E0,CPR,11,12,0.9166666666666666
E0,OR,1,12,0.08333333333333333
E0,GSA,12,12,1.0
E0,wrong_support_on_gold,0,12,0.0
E1,CPR,0,12,0.0
E1,OR,12,12,1.0
E1,GSA,12,12,1.0
E1,wrong_support_on_gold,0,12,0.0
E2,CPR,12,12,1.0
E2,OR,0,12,0.0
E2,GSA,1,12,0.08333333333333333
E2,wrong_support_on_gold,11,12,0.9166666666666666
E3a,CPR,4,12,0.3333333333333333
E3a,OR,8,12,0.6666666666666666
E3a,GSA,12,12,1.0
E3a,wrong_support_on_gold,0,12,0.0
E3b,CPR,12,12,1.0
E3b,OR,0,12,0.0
E3b,GSA,7,12,0.5833333333333334
E3b,wrong_support_on_gold,5,12,0.4166666666666667
