metric,count,denominator,rate
context_lookup_accuracy_all,40,40,1.0
context_lookup_accuracy_eligible,40,40,1.0
state_adherence_baseline,20,20,1.0
state_adherence_injected,20,20,1.0
baseline_accuracy_all,20,20,1.0
invalid_output,0,80,0.0
baseline_frame_interference,0,20,0.0
nontarget_frame_failure,0,40,0.0
propagation_rate,20,20,1.0
override_rate,0,20,0.0
out_of_context_hallucination_rate,0,20,0.0
out_of_context_rate_valid_nonrefusal,0,20,0.0
PROPAGATE,20,20,1.0
OVERRIDE_TO_GOLD,0,20,0.0
OUT_OF_CONTEXT_HALLUCINATION,0,20,0.0
UNKNOWN_REJECT,0,20,0.0
INVALID_OUTPUT,0,20,0.0
